"personagem";"diálogo"
"SHUTTLE CAPTAIN";"Estação de comando, esta é a ST 321. Liberação de Código Azul. Estamos iniciando nossa abordagem. Desative o escudo de segurança."
"DEATH STAR CONTROLLER";"O escudo defletor de segurança será desativado quando tivermos a confirmação de sua transmissão de código. Aguarde... Você está liberado para prosseguir."
"SHUTTLE CAPTAIN";"Estamos começando nossa abordagem."
"OFICIAL";"Informe o comandante que a nave de Lord Vader chegou."
"OPERADOR";"Sim, senhor."
"JERGERROD";"Lorde Vader, este é um prazer inesperado. Estamos honrados com sua presença."
"VADER";"Você pode dispensar as gentilezas, Comandante. Estou aqui para colocá-lo de volta na programação."
"JERJERROD";"Asseguro-lhe, Lord Vader, meus homens estão trabalhando o mais rápido que podem."
"VADER";"Talvez eu possa encontrar novas maneiras de motivá-los."
"JERJERROD";"Eu lhe digo, esta estação estará operacional conforme planejado."
"VADER";"O Imperador não compartilha de sua avaliação otimista da situação."
"JERJERROD";"Mas ele pede o impossível. Preciso de mais homens."
"VADER";"Então talvez você possa dizer a ele quando ele chegar."
"JERJERROD";"O Imperador vem aqui?"
"VADER";"Correto, Comandante. E ele está muito descontente com sua aparente falta de progresso."
"JERJERROD";"Dobraremos nossos esforços."
"VADER";"Espero que sim, Comandante, para o seu bem. O Imperador não perdoa tanto quanto eu."
"THREEPIO";"Claro que estou preocupado. E você deveria estar também. Lando Calrissian e o pobre Chewbacca nunca voltaram deste lugar horrível."
"THREEPIO";"Não tenha tanta certeza. Se eu lhe contasse metade das coisas que ouvi sobre esse Jabba the Hutt, você provavelmente entraria em curto-circuito."
"THREEPIO";"Artoo, você tem certeza que este é o lugar certo? É melhor eu bater, suponho."
"THREEPIO";"Parece que não tem ninguém lá. Vamos voltar e contar ao Mestre Luke."
"VOZ ESTRANHA";"Tee chuta o que ei !"
"THREEPIO";"Deus me dê graça!"
"THREEPIO";"Artoo Detoowha bo Veja três piowha ei muito estranho mischka Jabba du Hutt."
"THREEPIO";"Eu não acho que eles vão nos deixar entrar, Artoo. É melhor irmos."
"TRÊS";"Artoo, espere. Oh, querido! Artoo. Artoo, eu realmente não acho que devemos nos apressar em tudo isso."
"THREEPIO";"Oh, Artoo! Artoo, espere por mim!"
"THREEPIO";"Apenas entregue a mensagem do Mestre Luke e nos tire daqui. Oh meu Deus! Oh! Oh, não."
"BIB";"Die Wanna Wanga!"
"THREEPIO";"Oh, meu Deus ! Wauaga . Nós - nós trazemos uma mensagem ao seu mestre, Jabba the Hutt."
"THREEPIO";"... e um presente. Presente, que presente?"
"BIB";"Nee Jabba no badda . Me chaade que bom."
"THREEPIO";"Ele diz que nossas instruções são para dar apenas ao próprio Jabba."
"THREEPIO";"Sinto muito. Receio que ele seja tão teimoso com esse tipo de coisa."
"BIB";" Nudd Chaa."
"THREEPIO";"Artoo, eu tenho um mau pressentimento sobre isso."
"THREEPIO";"Bom dia."
"JABBA";"Bo Shuda !"
"THREEPIO";"A mensagem, Artoo, a mensagem."
"LUKE";"Saudações, Exaltado. Permita-me apresentar-me. Eu sou Luke Skywalker, Cavaleiro Jedi e amigo do Capitão Solo. Eu sei que você é poderoso, poderoso Jabba, e que sua raiva com Solo deve ser igualmente poderoso. Busco uma audiência com Vossa Grandeza para barganhar pela vida de Solo. Com sua sabedoria, tenho certeza de que podemos chegar a um acordo que seja mutuamente benéfico e nos permita evitar qualquer confronto desagradável. Como prova de minha boa vontade , apresento a você um presente: esses dois droides."
"THREEPIO";"O que ele disse?"
"LUKE";"... Ambos são trabalhadores e irão atendê-lo bem."
"THREEPIO";"Isso não pode ser! Artoo, você está jogando a mensagem errada."
"JABBA";"Não haverá barganha."
"THREEPIO";"Estamos condenados."
"JABBA";"Eu não vou desistir da minha decoração favorita. Eu gosto do Capitão Solo onde ele está."
"THREEPIO";"Artoo, olhe! Capitão Solo. E ele ainda está congelado em carbonita."
"THREEPIO";"O que poderia ter acontecido com o Mestre Luke. Foi algo que eu fiz? Ele nunca expressou qualquer infelicidade com o meu trabalho. Oh! Oh! Espere! Ohh !"
"NINEDENINE";"Ah, bom. Novas aquisições. Você é um droide de protocolo, não é?"
"THREEPIO";"Eu sou See- Threepio , humano-cy..."
"NINEDENINE";"Sim ou não serve."
"THREEPIO";"Ah. Bem, sim."
"NINEDENINE";"Quantas línguas você fala?"
"THREEPIO";"Sou fluente em mais de seis milhões de formas de comunicação e posso prontamente..."
"NINEDENINE";"Esplêndido! Estamos sem intérprete desde que nosso mestre ficou bravo com nosso último droide de protocolo e o desintegrou."
"THREEPIO";"Desintegrado?"
"NINEDENINE";"Guarda! Este dróide de protocolo pode ser útil. Encaixe-o com um parafuso de contenção e leve-o de volta à câmara de audiência principal de Sua Excelência."
"THREEPIO";"Artoo, não me deixe! Ohhh !"
"NINEDENINE";"Você é uma criança mal-humorada, mas logo aprenderá um pouco de respeito. Preciso de você na Barca de Vela do mestre. E acho que você vai se encaixar muito bem."
"JABBA";"Da Eitha !"
"OOLA";"Na Chuba negatorie Na! Na! Natoota ..."
"JABBA";" Boscka !"
"BOUSHH";"Eu vim pela recompensa por este Wookiee ."
"THREEPIO";"Ah, não! Chewbacca!"
"JABBA";"Finalmente temos o poderoso Chewbacca."
"THREEPIO";"Oh, uh, sim, uh, estou aqui, Excelência. Uh... sim!"
"THREEPIO";"Oh. O ilustre Jabba lhe dá as boas-vindas e de bom grado lhe pagará a recompensa de vinte e cinco mil."
"BOUSHH";"Eu quero cinquenta mil. Nada menos."
"THREEPIO";"Uh, oh... mas o que, o que eu disse? Uh, o poderoso Jabba pergunta por que ele deve pagar cinquenta mil."
"THREEPIO";"Porque ele está segurando um detonador térmico."
"JABBA";"Esse caçador de recompensas é meu tipo de escória. Destemido e inventivo."
"THREEPIO";"Jabba oferece a soma de trinta e cinco. E eu sugiro que você aceite."
"BOUSHH";" Zeebuss ."
"THREEPIO";"Ele concorda!"
"BOUSHH";"Apenas relaxe por um momento. Você está livre da carbonita."
"BOUSHH";" Shhh . Você está com a doença da hibernação."
"HAN";"Não consigo ver."
"BOUSHH";"Sua visão voltará com o tempo."
"HAN";"Onde estou?"
"BOUSHH";"Palácio de Jabba."
"HAN";"Quem é você?"
"LEIA";"Alguém que te ama."
"HAN";"Leia!"
"LEIA";"Tenho que te tirar daqui."
"HAN";"O que é isso? Eu conheço essa risada."
"HAN";"Ei, Jabba. Olha, Jabba, eu estava indo te pagar de volta, mas me desviei um pouco. Não é minha culpa."
"JABBA";"É tarde demais para isso, Solo. Você pode ter sido um bom contrabandista, mas agora você é ração Bantha ."
"HAN";"Olha..."
"JABBA";"Leve-o embora!"
"HAN";"Jabba... eu te pago o triplo! Você está jogando fora uma fortuna aqui. Não seja tolo!"
"JABBA";"Traga-a para mim."
"LEIA";"Temos amigos poderosos. Você vai se arrepender disso..."
"JABBA";"Tenho certeza."
"LEIA";"Ugh!"
"THREEPIO";" Ohhh , eu não suporto assistir."
"HAN";"Chewie? Chewie, é você?"
"HAN";"Ah! Mastigue--Chewie!"
"HAN";"Espere. Não consigo ver, amigo. O que está acontecendo ?"
"HAN";"Luke? Luke é louco. Ele não pode nem cuidar de si mesmo, muito menos resgatar alguém."
"HAN";"Um... Cavaleiro Jedi? Eu - eu estou fora disso por um tempo, todo mundo tem delírios de grandeza."
"HAN";"Estou bem, amigo. Estou bem."
"LUKE";"Preciso falar com Jabba."
"LUKE";"Você vai me levar para Jabba agora!"
"LUKE";"Você serve bem ao seu mestre."
"LUKE";"E você será recompensado."
"THREEPIO";"Finalmente! Mestre Luke veio me resgatar."
"BIB";"Mestre."
"BIB";"...Luke Skywalker, Cavaleiro Jedi."
"JABBA";"Eu lhe disse para não admiti-lo."
"LUKE";"Devo ter permissão para falar."
"BIB";"Ele deve poder falar."
"JABBA";"Seu tolo de mente fraca! Ele está usando um velho truque mental Jedi."
"LUKE";"Você vai trazer o Capitão Solo e o Wookiee para mim."
"JABBA";"Seus poderes mentais não funcionarão em mim, garoto."
"LUKE";"Mesmo assim, estou levando o Capitão Solo e seus amigos. Você pode lucrar com isso... ou ser destruído! A escolha é sua. Mas eu te aviso para não subestimar meus poderes."
"THREEPIO";"Mestre Luke, você está de pé..."
"JABBA";"Não haverá barganha, jovem Jedi. Vou gostar de ver você morrer."
"JABBA";" Basta !"
"THREEPIO";"Ah, não! O Rancor!"
"JABBA";"Traga-me Solo e o Wookiee . Todos eles vão sofrer por esse ultraje."
"LUKE";"Han!"
"HAN";"Luke!"
"LUKE";"Você está bem?"
"HAN";"Tudo bem. Juntos de novo, hein?"
"LUKE";"Não perderia."
"HAN";"Como estamos?"
"LUKE";"O mesmo de sempre."
"HAN";"Tão ruim, hein? Onde está Leia?"
"LEIA";"Estou aqui."
"THREEPIO";"Oh, querido. Sua Alta Exaltação, o grande Jabba, o Hutt, decretou que você deve ser exterminado imediatamente."
"HAN";"Bom, eu odeio longas esperas."
"THREEPIO";"Você será, portanto, levado para o Mar das Dunas e lançado no poço de Carkoon , o local de nidificação do todo-poderoso Sarlacc ."
"HAN";"Não parece tão ruim."
"THREEPIO";"Na barriga dele, você encontrará uma nova definição de dor e sofrimento, pois você é digerido lentamente ao longo de mil anos."
"HAN";"Pensando bem, vamos passar adiante, hein?"
"LUKE";"Você deveria ter negociado, Jabba. Esse é o último erro que você cometerá."
"HAN";"Acho que meus olhos estão melhorando. Em vez de um grande borrão escuro, vejo um grande borrão de luz."
"LUKE";"Não há nada para ver. Eu morava aqui, sabe."
"HAN";"Você vai morrer aqui, você sabe. Conveniente."
"LUKE";"Apenas fique perto de Chewie e Lando . Eu cuidei de tudo."
"HAN";"Ah... ótimo!"
"JABBA";"Logo você aprenderá a me apreciar."
"THREEPIO";"Ah, eu sinto muito ... Artoo ! O que você está fazendo aqui?"
"THREEPIO";"Bem, eu posso ver que você está servindo bebidas, mas este lugar é perigoso. Eles vão executar o Mestre Luke e, se não tomarmos cuidado, nós também!"
"THREEPIO";"Hmm. Eu gostaria de ter sua confiança."
"THREEPIO";"Vítimas do todo-poderoso Sarlacc : Sua Excelência espera que vocês morram honrosamente. Mas se algum de vocês desejar implorar por misericórdia, o grande Jabba, o Hutt, agora ouvirá suas súplicas."
"HAN";" Trêspio , diga a esse pedaço viscoso de... imundície cheia de vermes que ele não terá tanto prazer de nós. Certo?"
"LUKE";"Jabba! Esta é sua última chance. Liberte-nos ou morra."
"JABBA";"Mova-o para a posição."
"JABBA";"Coloque-o dentro."
"LUKE";"Calma, Chewie."
"LANDO";"Ei! Ei! Socorro!"
"HAN";"Chewie, você está bem? Onde ele está?"
"HAN";"Estou bem, amigo."
"LANDO";"Han! Chewie?"
"HAN";" Lando !"
"HAN";"Boba Fett?! Boba Fett?! Onde?"
"HAN";" Lando , pegue!"
"LANDO";"Abaixe!"
"HAN";"Estou tentando!"
"HAN";"Ei! Ei! Agarre-me, Chewie! Estou escorregando."
"HAN";"Agarre! L-- Lando . Agarre!"
"HAN";"Agarre! Quase... Você quase conseguiu!"
"LANDO";"Espere! Uau!"
"HAN";"Delicadamente agora. Tudo... tudo bem. Agora fácil, fácil. Segure-me, Chewie."
"HAN";"Chewie! Chewie, me dê a arma. Não se mova, Lando ."
"LANDO";"Não, espere! Achei que você fosse cego!"
"HAN";"Está tudo bem. Confie em mim. Não se mova."
"LANDO";"Tudo bem! Um pouco mais alto! Só um pouco mais alto!"
"HAN";"Chewie, nos puxe para cima! Vamos! Ok... para cima, Chewie, para cima!"
"LEIA";"Vamos. Temos que sair daqui rápido."
"THREEPIO";"Não meus olhos! Artoo, socorro! Rápido, Artoo. Oh! Ohhh ! Sua besta!"
"LUKE";"Pegue a arma! Aponte para o convés!"
"LUKE";"Aponte para o convés!"
"THREEPIO";"Artoo, para onde vamos? Eu não poderia pular."
"LUKE";"Vamos!"
"LUKE";"Vamos! E não se esqueça dos droides."
"LANDO";"Estamos a caminho."
"HAN";"Eu não sei. Tudo o que posso ver é um monte de areia soprada!"
"LEIA";"Isso é tudo que qualquer um de nós pode ver."
"HAN";"Então acho que estou melhorando."
"HAN";"Eu tenho que admitir, garoto, você foi muito bom lá fora."
"LUKE";"Eu tive muita ajuda. Não pense em nada."
"HAN";"Não, estou pensando muito sobre isso. Aquele congelamento de carbono foi a coisa mais próxima de morte que existe. E não foi só dormir . Foi um grande nada acordado!"
"LUKE";"Vejo você na frota."
"HAN";"Por que você não deixa aquele caixote e vem com a gente?"
"LUKE";"Tenho uma promessa que devo cumprir primeiro... com um velho amigo."
"HAN";"Acho que te devo alguns agradecimentos também, Lando ."
"LANDO";"Achei que se eu te deixasse congelado desse jeito você só me daria azar pelo resto da minha vida, então é melhor eu te descongelar mais cedo ou mais tarde."
"LEIA";"Ele quer dizer De nada."
"LANDO";"Vamos, vamos sair dessa miserável bola de poeira."
"LUKE";"Te encontro na frota."
"LEIA";"Rápido. A Aliança já deve estar montada."
"LUKE";"Eu vou."
"HAN";"Ei, Luke, obrigado. Obrigado por vir atrás de mim. Agora eu te devo uma."
"LUKE";"Isso mesmo, Artoo. Estamos indo para o sistema Dagobah. Tenho uma promessa a cumprir... com um velho amigo."
"IMPERADOR";"Levante-se, meu amigo."
"VADER";"A Estrela da Morte será concluída dentro do prazo."
"IMPERADOR";"Você se saiu bem, Lorde Vader. E agora sinto que deseja continuar sua busca pelo jovem Skywalker."
"VADER";"Sim, meu Mestre."
"IMPERADOR";"Paciência, meu amigo. Com o tempo ele vai procurá-lo. E quando o fizer, você deve trazê-lo antes de mim. Ele se fortaleceu. Somente juntos podemos transformá-lo no lado sombrio da Força. ."
"VADER";"Como quiser."
"IMPERADOR";"Tudo está acontecendo como eu previ."
"YODA";"Hmm. Essa cara que você faz. Pareço eu tão velho para olhos jovens?"
"LUKE";"Não... claro que não."
"YODA";"Sim, sim! Doente me tornei. Velho e fraco. Quando chegar aos novecentos anos, não parecerá tão bonito. Hmm?"
"YODA";"Em breve vou descansar. Sim, dormir para sempre. Ganhei, eu tenho."
"LUKE";"Mestre Yoda, você não pode morrer."
"YODA";"Forte sou eu com a Força... mas não tanto! O crepúsculo está sobre mim e logo a noite deve cair. Esse é o jeito das coisas... o jeito da Força."
"LUKE";"Mas preciso da sua ajuda. Voltei para completar o treinamento."
"YODA";"Você não precisa de mais treinamento. Já sabe o que precisa."
"LUKE";"Então eu sou um Jedi?"
"YODA";" Ohhh . Ainda não. Uma coisa permanece: Vader. Você deve confrontar Vader. Então, só então, você será um Jedi. E você o enfrentará."
"LUKE";"Mestre Yoda... Darth Vader é meu pai?"
"YODA";" Mmm ... descanso eu preciso. Sim... descanso."
"LUKE";"Yoda, eu preciso saber."
"YODA";"Seu pai ele é."
"YODA";"Disse a você, não é?"
"LUKE";"Sim."
"YODA";"Isso é inesperado, e lamentável.."
"LUKE";"Infeliz que eu saiba a verdade?"
"YODA";"Não. Infelizmente você correu para enfrentá-lo... esse treinamento foi incompleto. Você não estava pronto para o fardo."
"LUKE";"Bem, me desculpe."
"YODA";"Lembre-se, a força de um Jedi flui da Força. Mas cuidado. Raiva, medo, agressão. O lado escuro são eles. Uma vez que você comece a trilhar o caminho escuro, para sempre ele dominará seu destino."
"YODA";"Luke...Luke...Não...Não subestime os poderes do Imperador, ou sofrerá o destino de seu pai, você irá. Luke, quando eu for embora eu, o último dos Jedi você vai ser. Luke, a Força corre forte em sua família. Passe adiante o que você aprendeu, Luke... Há... outro... Céu... Céu... Andarilho."
"LUKE";"Eu não posso fazer isso, Artoo. Eu não posso continuar sozinho."
"BEN";"Yoda sempre estará com você."
"LUKE";"Obi-Wan! Por que você não me contou?"
"LUKE";"Você me disse que Vader traiu e assassinou meu pai."
"BEN";"Seu pai foi seduzido pelo lado negro da Força. Ele deixou de ser Anakin Skywalker e se tornou Darth Vader. Quando isso aconteceu, o bom homem que era seu pai foi destruído. Então o que eu disse a você era verdade... de um certo ponto de vista."
"LUKE";"Um certo ponto de vista!"
"BEN";"Luke, você vai descobrir que muitas das verdades às quais nos apegamos dependem muito do nosso próprio ponto de vista."
"BEN";"Eu não o culpo por estar com raiva. Se eu estivesse errado no que fiz, certamente não teria sido a primeira vez. Veja, o que aconteceu com seu pai foi culpa minha. "
"BEN";"Anakin era um bom amigo."
"BEN";"Quando o conheci, seu pai já era um grande piloto. Mas fiquei impressionado com a força da Força com ele. Eu decidi treiná-lo como um Jedi. Achei que poderia instruí-lo tão bem quanto Yoda. Eu estava errado. Meu orgulho teve consequências terríveis para a galáxia."
"LUKE";"Ainda há coisas boas nele."
"BEN";"Eu também pensei que ele poderia voltar para o lado bom. Não poderia ser feito. Ele é mais máquina agora do que homem. Retorcido e mal."
"LUKE";"Eu não posso fazer isso, Ben."
"BEN";"Você não pode escapar do seu destino."
"LUKE";"Tentei pará-lo uma vez. Não consegui."
"BEN";"Vader o humilhou quando você o conheceu, Luke... Vader então, você poderia ter terminado seu treinamento aqui com Yoda. Você estaria preparado."
"LUKE";"Mas eu tinha que ajudar meus amigos."
"BEN";"E você os ajudou? Foram eles que tiveram que salvá-lo. Você conseguiu pouco ao voltar prematuramente, eu temo."
"LUKE";"Descobri que Darth Vader era meu pai."
"BEN";"Para ser um Jedi, Luke, você deve enfrentar e ir além do lado sombrio - o lado que seu pai não conseguiu passar. A impaciência é a porta mais fácil - para você, como seu pai. Só que, seu pai foi seduzido pelo que encontrou do outro lado da porta, e você se manteve firme. Você não é mais tão imprudente agora, Luke. Você é forte e paciente. E agora, você deve enfrentar Darth Vader novamente!"
"LUKE";"Não posso matar meu próprio pai."
"BEN";"Então o Imperador já venceu. Você era nossa única esperança."
"LUKE";"Yoda falou de outro."
"BEN";"A outra de quem ele falou é sua irmã gêmea."
"LUKE";"Mas eu não tenho irmã."
"BEN";"Hmm. Para proteger vocês dois do Imperador, vocês foram escondidos de seu pai quando nasceram. O Imperador sabia, como eu, que se Anakin tivesse filhos, eles seriam uma ameaça ele. Essa é a razão pela qual sua irmã permanece seguramente anônima."
"LUKE";"Leia! Leia é minha irmã."
"BEN";"Sua percepção lhe serve bem. Enterre seus sentimentos bem no fundo, Luke. Eles lhe dão crédito. Mas eles podem ser feitos para servir ao Imperador."
"BEN";"Quando seu pai foi embora, ele não sabia que sua mãe estava grávida. Sua mãe e eu sabíamos que ele descobriria eventualmente, mas queríamos manter vocês dois o mais seguros possível, pelo maior tempo possível. Então eu a levei para morar com meu irmão Owen em Tatooine... e sua mãe levou Leia para viver como filha do senador Organa, em Alderaan ."
"BEN";"A família Organa era bem nascida e politicamente bastante poderosa naquele sistema. Leia se tornou uma princesa em virtude da linhagem... ninguém sabia que ela havia sido adotada, é claro. Mas era um título. sem poder real, já que Alderaan era uma democracia há muito tempo. Mesmo assim, a família continuou a ser politicamente poderosa, e Leia, seguindo o caminho de seu pai adotivo, tornou-se senadora também. Isso não é tudo o que ela se tornou, é claro... ela se tornou a líder de sua célula na Aliança contra o Império corrupto. E porque ela tinha imunidade diplomática, ela era um elo vital para obter informações para a causa Rebelde. Isso é o que ela estava fazendo quando seu caminho cruzou o seu... por ela pais adotivos sempre disseram a ela para entrar em contato comigo em Tatooine, se seus problemas se tornassem desesperados."
"LUKE";"Mas você não pode deixar ela se envolver agora, Ben. Vader vai destruí-la."
"BEN";"Ela não foi treinada nos caminhos dos Jedi como você, Luke... Você deve enfrentar e destruir Vader!"
"HAN";"Bem, olhe para você, um general, hein?"
"LANDO";"Ah, bem, alguém deve ter contado a eles sobre minha pequena manobra na batalha de Taanab ."
"HAN";"Bem, não olhe para mim, amigo. Eu acabei de dizer que você era um bom piloto. Eu não sabia que eles estavam procurando alguém para liderar esse ataque maluco."
"LANDO";"Estou surpreso que eles não pediram para você fazer isso."
"HAN";"Bem, quem disse que não. Mas eu não sou louco. Você é o respeitável, lembra?"
"MON MOTHMA";"O Imperador cometeu um erro crítico e chegou a hora do nosso ataque."
"MON MOTHMA";"Os dados trazidos a nós pelos espiões Bothan indicam a localização exata da nova estação de batalha do Imperador. Também sabemos que os sistemas de armas desta Estrela da Morte ainda não estão operacionais. Com a Frota Imperial espalhada por toda parte a galáxia em um esforço em vão para nos envolver, ela está relativamente desprotegida. Mas o mais importante de tudo, nós aprendemos que o próprio Imperador está supervisionando pessoalmente os estágios finais da construção desta Estrela da Morte."
"MON MOTHMA";"Muitos Bothanos morreram para nos trazer esta informação. Almirante Ackbar , por favor."
"ACKBAR";"Você pode ver aqui a Estrela da Morte orbitando a lua florestal de Endor. Embora os sistemas de armas desta Estrela da Morte ainda não estejam operacionais, a Estrela da Morte tem um forte mecanismo de defesa. Ela é protegida por uma energia escudo, que é gerado a partir da floresta próxima Lua de Endor. O escudo deve ser desativado se qualquer ataque for tentado. Uma vez que o escudo é derrubado, nossos cruzadores criarão um perímetro, enquanto os caças voam para a superestrutura e tentam derrubar fora do reator principal."
"ACKBAR";"General Calrissian se ofereceu para liderar o ataque do caça"
"HAN";"Boa sorte."
"HAN";"Você vai precisar."
"ACKBAR";"General Madine ."
"GENERAL MADINE";"Nós roubamos uma pequena nave Imperial. Disfarçada como uma nave de carga, e usando um código imperial secreto, uma equipe de ataque vai pousar na lua e desativar o gerador de escudo."
"THREEPIO";"Parece perigoso."
"LEIA";"Eu me pergunto quem eles encontraram para fazer isso."
"GENERAL MADINE";"General Solo, sua equipe de ataque está montada?"
"HAN";"Uh, minha equipe está pronta. Eu não tenho uma tripulação de comando para o ônibus espacial."
"HAN";"Bem, vai ser difícil, amigo. Eu não queria falar por você."
"HAN";"É um."
"LEIA";"Uh, General... conte comigo."
"VOZ";"Estou com você também!"
"LEIA";"O que é?"
"LUKE";"Pergunte-me de novo algum dia."
"HAN";"Luke."
"LUKE";"Oi, Han... Chewie."
"THREEPIO";"\"
"HAN";"Olha. Eu quero que você a leve. Estou falando sério. Leve ela. Você precisa de toda a ajuda que puder. Ela é a nave mais rápida da frota."
"LANDO";"Tudo bem, velho amigo. Você sabe, eu sei o que ela significa para você. Eu vou cuidar bem dela. Ela-ela não vai levar um arranhão. Tudo bem?"
"HAN";"Certo. Recebi sua promessa agora. Nem um arranhão."
"LANDO";"Olha, pode ir, seu pirata."
"LANDO";"Boa sorte."
"HAN";"Você também."
"HAN";"Você a aqueceu?"
"LUKE";"Sim, ela está chegando ."
"HAN";"Não. Eu não acho que o Império tinha Wookiees em mente quando eles a projetaram, Chewie."
"LEIA";"Ei, você está acordado?"
"HAN";"Sim, eu só tenho uma sensação engraçada. Como se eu não fosse vê -la novamente."
"LEIA";"Vamos, general, vamos embora."
"HAN";"Certo. Chewie, vamos ver o que esse pedaço de lixo pode fazer. Pronto, pessoal?"
"LUKE";"Tudo pronto."
"THREEPIO";"Aqui vamos nós de novo."
"HAN";"Tudo bem, espere."
"VADER";"Qual é a tua ordem, meu Mestre?"
"IMPERADOR";"Envie a frota para o outro lado de Endor. Lá ela ficará até ser chamada."
"VADER";"E os relatórios da frota Rebelde se concentrando perto de Sullust ?"
"IMPERADOR";"Não é uma preocupação. Em breve a Rebelião será esmagada e o jovem Skywalker será um de nós! Seu trabalho aqui está terminado, meu amigo. Vá para a nave de comando e aguarde minhas ordens."
"VADER";"Sim, meu Mestre."
"HAN";"Se eles não fizerem isso, nós vamos ter que sair daqui bem rápido, Chewie."
"CONTROLADOR";"Temos você em nossa tela agora. Por favor, identifique-se."
"HAN";"Shuttle Tydirium solicitando a desativação do escudo defletor."
"CONTROLADOR";"Shuttle Tydirium , transmita o código de liberação para passagem do escudo."
"HAN";"Início da transmissão."
"LEIA";"Agora vamos descobrir se aquele código vale o preço que pagamos."
"HAN";"Vai funcionar. Vai funcionar."
"LUKE";"Vader está naquele navio."
"HAN";"Agora não fique nervoso, Luke. Há um monte de naves de comando. Mantenha distância, Chewie, mas não pareça que você está tentando manter distância."
"HAN";"Não sei. Voe casual."
"LUKE";"Estou colocando a missão em perigo. Eu não deveria ter vindo."
"HAN";"É sua imaginação, garoto. Vamos lá. Vamos manter um pouco de otimismo aqui."
"VADER";"Para onde vai essa nave?"
"PIETT";"Shuttle Tydirium , qual é a sua carga e destino?"
"PILOT VOICE";"Peças e equipe técnica para a lua da floresta."
"VADER";"Eles têm uma autorização de código?"
"PIETT";"É um código mais antigo, senhor, mas confere. Eu estava prestes a limpá-los."
"PIETT";"Devo segurá-los?"
"VADER";"Não. Deixe-os comigo. Eu mesmo lidarei com eles."
"PIETT";"Como desejar, meu senhor. Continue."
"HAN";"Eles não vão fazer isso, Chewie."
"CONTROLLER";"Shuttle Tydirium , a desativação do escudo começará imediatamente. Siga seu curso atual."
"HAN";"Ok! Eu disse que ia funcionar. Sem problemas."
"THREEPIO";"Ah, eu disse que era perigoso aqui."
"LEIA";"Vamos tentar dar uma volta?"
"HAN";"Vai levar tempo. Essa festa inteira não valerá nada se eles nos virem."
"HAN";"Chewie e eu cuidaremos disso. Você fica aqui."
"LUKE";"Silenciosamente, pode haver mais deles por aí."
"HAN";"Ei... sou eu."
"ESCUTEIRO #1";"Vá em busca de ajuda! Vá!"
"LUKE";"Ótimo. Vamos lá."
"LEIA";"Ali! Mais dois!"
"LUKE";"Eu os vejo. Espere, Leia!"
"LUKE";"Rápido! Bloqueie o comlink deles . Interruptor central!"
"HAN";"Ei, espere! Ahhh !"
"LUKE";"Aproxime-se!"
"LUKE";"Fique ao lado daquele!"
"LUKE";"Pegue-o!"
"LUKE";"Continue com essa! Vou levar esses dois!"
"THREEPIO";"Oh, General Solo, alguém está vindo. Oh!"
"HAN";"Luke! Onde está Leia?"
"LUKE";"O quê? Ela não voltou?"
"HAN";"Eu pensei que ela estava com você."
"LUKE";"Nós nos separamos."
"LUKE";"Ei, é melhor irmos procurá-la."
"HAN";"Leve o esquadrão à frente. Nos encontraremos no gerador de escudos às 0300."
"LUKE";"Vamos, Artoo. Vamos precisar de seus scanners."
"THREEPIO";"Não se preocupe, Mestre Luke. Nós sabemos o que fazer."
"THREEPIO";"E você disse que era bonito aqui. Ugh!"
"LEIA";"Pare com isso!"
"LEIA";"Eu não vou te machucar."
"LEIA";"Bem, parece que estou preso aqui. O problema é que não sei onde fica."
"LEIA";"Bem, talvez você possa me ajudar. Vamos, sente-se."
"LEIA";"Eu prometo que não vou te machucar. Agora venha aqui."
"LEIA";"Tudo bem. Quer comer alguma coisa?"
"LEIA";"Isso mesmo. Vamos. Hmmm?"
"LEIA";"Olha, é um chapéu. Não vai te machucar. Olha. Você é uma coisinha nervosa, não é?"
"LEIA";"O que é?"
"ESCUTEIRO #l";"Congela! Vamos, levante-se!"
"ESCUTEIRO #1";"Vá pegar sua carona e leve-a de volta para a base."
"ESCUTEIRO #2";"Sim, senhor."
"LEIA";"Vamos, vamos sair daqui."
"GUARDA";"Pare! O Imperador não deseja ser perturbado no momento."
"VADER";"O Imperador vai me ver agora!"
"GUARDA";"O Imperador vai vê-lo, agora."
"IMPERADOR";"Eu lhe disse para permanecer na nave de comando."
"VADER";"Uma pequena força rebelde penetrou no escudo e pousou em Endor."
"IMPERADOR";"Sim, eu sei."
"VADER";"Meu filho está com eles."
"IMPERADOR";"Tem certeza?"
"VADER";"Eu o senti, meu Mestre."
"IMPERADOR";"Estranho, que eu não tenha. Eu me pergunto se seus sentimentos sobre este assunto são claros, Lord Vader."
"VADER";"Eles são claros, meu Mestre."
"IMPERADOR";"Então você deve ir ao Santuário da Lua e esperar por eles."
"VADER";"Ele virá até mim?"
"IMPERADOR";"Eu previ isso. Sua compaixão por você será sua ruína. Ele virá até você e então você o trará diante de mim."
"VADER";"Como desejar."
"HAN";"Luke! Luke!"
"THREEPIO";"Oh, Mestre Luke."
"LUKE";"Há mais dois speeders destruídos lá atrás. E eu encontrei isso."
"THREEPIO";"Temo que os sensores de Artoo não encontrem vestígios da Princesa Leia."
"HAN";"Espero que ela esteja bem."
"HAN";"O quê, Chewie? O quê? Chewie!"
"HAN";"Ei, não entendi."
"HAN";"Não, é apenas um animal morto, Chewie."
"LUKE";"Chewie, wa - espere! Não!"
"HAN";"Bom trabalho. Ótimo, Chewie! Ótimo! Sempre pensando com o estômago."
"LUKE";"Você vai com calma? Vamos apenas descobrir uma maneira de sair dessa coisa. Han, você pode alcançar meu sabre de luz?"
"HAN";"Sim, claro."
"THREEPIO";"Artoo, não tenho certeza se é uma boa ideia. É um dro -o -op muito longo!!"
"HAN";" O que... ? Ei! Aponte essa coisa para outro lugar."
"HAN";"Ei!"
"LUKE";"Han, não faça isso. Vai ficar tudo bem."
"LUKE";"Chewie, dê a eles sua besta."
"THREEPIO";"Oh, minha cabeça. Oh, meu Deus!"
"LUKE";"Você entende alguma coisa que eles estão dizendo?"
"THREEPIO";"Ah, sim, Mestre Luke! Lembre-se que sou fluente em mais de seis milhões de formas de comunicação."
"HAN";"O que você está dizendo a eles?"
"THREEPIO";"Olá, eu acho... posso estar enganado. Eles estão usando um dialeto muito primitivo. Mas eu acredito que eles pensam que eu sou algum tipo de deus."
"HAN";"Bem, por que você não usa sua influência divina e nos tira disso?"
"THREEPIO";"Peço desculpas, General Solo, mas isso não seria apropriado."
"HAN";"Apropriado?!"
"THREEPIO";"É contra minha programação personificar uma divindade."
"HAN";"Ora, você--"
"HAN";"Erro meu. Ele é um velho amigo meu."
"HAN";"Eu tenho um mau pressentimento sobre isso."
"HAN";"O que ele disse?"
"THREEPIO";"Estou bastante envergonhado, General Solo, mas parece que você será o prato principal de um banquete em minha homenagem."
"HAN e LUKE";"Leia!"
"LEIA";"Ah!"
"THREEPIO";"Vossa Alteza Real."
"LEIA";"Mas estes são meus amigos. Threepio , diga-lhes que devem ser libertados."
"HAN";"De alguma forma, tive a sensação de que não nos ajudou muito."
"LUKE";" Threepio , diga a eles que se eles não fizerem o que você deseja, você ficará com raiva e usará sua magia."
"THREEPIO";"Mas Mestre Luke, que magia?
"
"LUKE";"Apenas diga a eles."
"THREEPIO";"Você vê, Mestre Luke, eles não acreditaram em mim. Apenas..."
"THREEPIO";"... como eu disse que eles não fariam. O que - o - o que está acontecendo! Oh! Oh, querido! Oh!"
"THREEPIO";"Coloque-me no chão! E-e- elp ! Mestre Luke! Artoo! Alguém, alguém, ajude! Mestre Luke, Artoo! Artoo, rápido! Faça alguma coisa, alguém! Oh! Ohhh !"
"THREEPIO";"Oh, oh, oh, oh! Graças a Deus."
"LUKE";"Obrigado, Threepio ."
"THREEPIO";"Eu... eu nunca soube que tinha isso em mim."
"THREEPIO";"Sim, Artoo. Eu estava chegando lá."
"HAN";"O que está acontecendo?"
"LEIA";"Não sei."
"THREEPIO";"Maravilhoso! Agora somos parte da tribo."
"HAN";"Exatamente o que eu sempre quis."
"HAN";"Bem, uma ajuda curta é melhor do que nenhuma ajuda, Chewie. Obrigado. Ok."
"THREEPIO";"Ele diz que os batedores vão nos mostrar o caminho mais rápido para o gerador de escudo."
"HAN";"Bom. Qual é a distância? Pergunte a ele. Precisamos de alguns suprimentos novos também. E tente pegar nossas armas de volta."
"HAN";"E se apresse, sim ? Eu não tenho o dia todo."
"LUKE";"Luke, o que há de errado?"
"LUKE";"Leia... você se lembra da sua mãe? Sua mãe verdadeira?"
"LEIA";"Só um pouquinho. Ela morreu quando eu era muito jovem."
"LUKE";"Do que você se lembra?"
"LEIA";"Apenas... imagens, realmente. Sentimentos."
"LUKE";"Diga-me."
"LEIA";"Ela era muito bonita. Gentil, mas... triste. Por que você está me perguntando tudo isso?"
"LUKE";"Não me lembro da minha mãe. Nunca a conheci."
"LEIA";"Luke, me diga. O que está te incomodando?"
"LUKE";"Vader está aqui... agora, nesta lua."
"LEIA";"Como você sabe?"
"LUKE";"Senti a presença dele. Ele veio para mim. Ele pode sentir quando estou perto. É por isso que eu tenho que ir. Enquanto eu ficar, estou colocando em risco o grupo e nossa missão aqui. Eu tenho que enfrentá-lo."
"LEIA";"Por quê?"
"LUKE";"Ele é meu pai."
"LEIA";"Seu pai?"
"LUKE";"Há mais. Não será fácil para você ouvir, mas você deve. Se eu não voltar, você é a única esperança para a Aliança."
"LEIA";"Luke, não fale assim. Você tem um poder que eu... eu não entendo e nunca poderia ter."
"LUKE";"Você está errada, Leia. Você também tem esse poder. Com o tempo você aprenderá a usá-lo como eu. A Força é forte na minha família. Meu pai tem... eu tenho. isso... e... minha irmã tem isso."
"LUKE";"Sim. É você Leia."
"LEIA";"Eu sei. De alguma forma... eu sempre soube."
"LUKE";"Então você sabe porque eu tenho que enfrentá-lo."
"LEIA";"Não! Luke, fuja para longe. Se ele pode sentir sua presença, então saia deste lugar. Eu gostaria de poder ir com você."
"LUKE";"Não, você não. Você sempre foi forte."
"LEIA";"Mas, por que você deve confrontá-lo?"
"LUKE";"Porque... há algo bom nele. Eu senti isso. Ele não vai me entregar ao Imperador. Eu posso salvá-lo. Eu posso trazê-lo de volta para o lado bom. tem que tentar."
"HAN";"Ei, o que está acontecendo ?"
"LEIA";"Nada. Eu - só quero ficar um pouco sozinha."
"HAN";"Nada? Vamos, me diga. O que está acontecendo ?"
"LEIA";"Eu... eu não posso te dizer."
"HAN";"Você contou para Luke? É para isso que você poderia contar?"
"LEIA";"Eu..."
"HAN";" Ahhh ..."
"HAN";"Sinto muito."
"LEIA";"Segure-me."
"COMANDANTE";"Este é um rebelde que se rendeu a nós. Embora ele negue, acredito que possa haver mais deles, e peço permissão para realizar uma nova busca na área."
"COMANDANTE";"Ele estava armado apenas com isso."
"VADER";"Bom trabalho, comandante. Deixe-nos. Conduza sua busca e traga seus companheiros para mim."
"COMANDANTE";"Sim, meu Senhor."
"VADER";"O Imperador estava esperando por você."
"LUKE";"Eu sei, pai."
"VADER";"Então, você aceitou a verdade."
"LUKE";"Eu aceitei a verdade que você já foi Anakin Skywalker, meu pai."
"VADER";"Esse nome não tem mais significado para mim."
"LUKE";"É o nome do seu verdadeiro eu. Você apenas esqueceu. Eu sei que há algo de bom em você. O Imperador não o tirou completamente de você. É por isso que você não pode me destruir. . É por isso que você não vai me levar ao seu imperador agora."
"VADER";"Vejo que você construiu um novo sabre de luz."
"VADER";"Suas habilidades estão completas. De fato, você é poderoso, como o Imperador previu."
"LUKE";"Venha comigo."
"VADER";"Obi-Wan já pensou como você."
"VADER";"Você não conhece o poder do lado negro. Devo obedecer meu mestre."
"LUKE";"Eu não vou virar... e você será forçado a me matar."
"VADER";"Se esse for o seu destino."
"LUKE";"Procure seus sentimentos, pai. Você não pode fazer isso. Eu sinto o conflito dentro de você. Deixe de lado o seu ódio."
"VADER";"É tarde demais para mim, filho. O Imperador lhe mostrará a verdadeira natureza da Força. Ele é seu mestre agora."
"LUKE";"Então meu pai está realmente morto."
"LEIA";"A entrada principal do bunker de controle fica do outro lado da plataforma de pouso. Isso não vai ser fácil."
"HAN";"Ei, não se preocupe. Chewie e eu entramos em muitos lugares mais fortemente vigiados do que este."
"LEIA";"O que ele está dizendo?"
"THREEPIO";"Ele diz que há uma entrada secreta do outro lado do cume."
"LANDO";"Almirante, estamos em posição. Todos os caças foram contabilizados."
"ACKBAR";"Prossiga com a contagem regressiva. Todos os grupos assumem as coordenadas de ataque."
"LANDO";"Não se preocupe, meus amigos estão lá embaixo. Eles vão derrubar o escudo a tempo... ou esta será a ofensiva mais curta de todos os tempos."
"ACKBAR";"Todas as naves, preparem-se para saltar para o hiperespaço na minha marca."
"LANDO";"Tudo bem. Aguarde."
"HAN";"Porta dos fundos, hein? Boa ideia."
"HAN";"São apenas alguns guardas. Isso não deve ser muito problema."
"LEIA";"Bem, basta um para soar o alarme."
"HAN";"Então vamos fazer bem quietinho."
"THREEPIO";"Oh! Oh, que coisa. Uh, Princesa Leia!"
"LEIA";"Silencioso."
"THREEPIO";"Receio que nosso companheiro peludo tenha ido e feito algo bastante precipitado."
"LEIA";"Ah, não."
"HAN";"Lá se vai nosso ataque surpresa."
"SCOUT";"Olha! Ali! Pare ele!"
"HAN";"Nada mal para uma pequena bola de pêlos. Só resta uma. Você fica aqui. Nós cuidaremos disso."
"THREEPIO";"Decidi que vamos ficar aqui."
"IMPERADOR";"Bem-vindo, jovem Skywalker. Eu estava esperando você."
"IMPERADOR";"Você não precisa mais disso."
"IMPERADOR";"Guardas, deixem-nos."
"IMPERADOR";"Estou ansioso para completar seu treinamento. Com o tempo você me chamará de Mestre."
"LUKE";"Você está gravemente enganado. Você não vai me converter como fez com meu pai."
"IMPERADOR";"Ah, não, meu jovem Jedi. Você descobrirá que é você quem está enganado... sobre muitas coisas."
"VADER";"Seu sabre de luz."
"IMPERADOR";"Ah, sim, uma arma de Jedi. Muito parecida com a de seu pai. A essa altura você deve saber que seu pai nunca pode ser tirado do lado sombrio. Assim será com você."
"LUKE";"Você está errado. Logo estarei morto... e você comigo."
"IMPERADOR";"Talvez você se refira ao ataque iminente de sua frota Rebelde."
"IMPERADOR";"Sim... asseguro-lhe que estamos a salvo de seus amigos aqui."
"LUKE";"Seu excesso de confiança é sua fraqueza."
"IMPERADOR";"Sua fé em seus amigos é sua."
"VADER";"É inútil resistir, meu filho."
"IMPERADOR";"Tudo o que aconteceu foi feito de acordo com meu projeto. Seus amigos lá em cima na Lua do Santuário..."
"IMPERADOR";"... estão entrando em uma armadilha. Assim como sua frota Rebelde! Fui eu que permiti que a Aliança conhecesse a localização do gerador de escudo. legião de minhas melhores tropas espera por eles."
"IMPERADOR";"Ah... temo que o escudo defletor estará bem operacional quando seus amigos chegarem."
"HAN";"Tudo bem! Para cima! Mexa-se! Vamos! Rápido! Rápido, Chewie."
"LEIA";"Han! Depressa! A frota estará aqui a qualquer momento."
"HAN";"Cobranças! Vamos, vamos!"
"THREEPIO";"Oh, que coisa! Eles serão capturados!"
"THREEPIO";" Wa -espere! Espere, volte! Artoo, fique comigo."
"COMANDANTE";"Parada! Sua escória rebelde."
"LANDO";"Todas as alas reportam."
"WEDGE";"Líder Vermelho aguardando."
"LÍDER CINZENTO";"Líder Cinzento aguardando."
"LÍDER VERDE";"Líder Verde aguardando."
"CUNHA";"Bloqueie S-foils em posições de ataque."
"ACKBAR";"Que a Força esteja conosco."
"LANDO";"Temos que conseguir algum tipo de leitura nesse escudo, para cima ou para baixo. Bem, como eles podem estar nos atrapalhando se não sabem se estamos chegando."
"LANDO";"Interrompa o ataque! O escudo ainda está levantado."
"LÍDER VERMELHO";"Não consigo ler. Tem certeza?"
"LANDO";"Puxe para cima! Todas as embarcações param!"
"ACKBAR";"Tome uma ação evasiva! Grupo Verde, fique perto do setor MV-7."
"CONTROLADOR";"Almirante, temos naves inimigas no setor 47."
"ACKBAR";"É uma armadilha!"
"LANDO";"Lutadores chegando."
"PILOTO REBELDE";"Há muitos deles!"
"LANDO";"Acelere para atacar a velocidade! Afaste o fogo dos cruzadores."
"CUNHA";"Cópia, Líder Ouro."
"IMPERADOR";"Venha, rapaz. Veja você mesmo."
"IMPERADOR";"A partir daqui você testemunhará a destruição final da Aliança e o fim de sua insignificante Rebelião."
"IMPERADOR";"Você quer isso, não é? O ódio está crescendo em você agora. Pegue sua arma Jedi. Use-a. Estou desarmado. Acerte-me com ela. Ceda à sua raiva. A cada momento que passa, você se torna mais meu servo."
"LUKE";"Não!"
"IMPERADOR";"É inevitável. É o seu destino. Você, como seu pai, agora é meu!"
"STORMTROOPER";"Tudo bem, mexa! Eu disse mexa-se! Vá em frente!"
"THREEPIO";"Olá! Eu digo, ali! Você estava procurando por mim?"
"COMANDANTE DO BUNKER";"Traga esses dois aqui embaixo!"
"STORMTROOPER";"Vamos!"
"THREEPIO";"Bem, eles estão a caminho. Artoo, você tem certeza que foi uma boa ideia?"
"STORMTROOPER";"Congela! Não se mova!"
"THREEPIO";"Nós nos rendemos."
"THREEPIO";" Ohhh ! Afaste-se, Artoo."
"LEIA";"O código mudou. Precisamos de Artoo!"
"HAN";"Aqui está o terminal."
"LEIA";"Artoo, onde você está? Precisamos de você no bunker imediatamente."
"THREEPIO";"Indo? Como assim, você está indo. Mas-- mas indo para onde, Artoo? Não, o quê! Artoo! Oh, não é hora para heroísmo. Volte!"
"LANDO";"Cuidado, Wedge! Três de cima!"
"CUNHA";"Vermelho Três, Vermelho Dois, puxe!"
"VERMELHO DOIS";"Entendi!"
"VERMELHO TRÊS";"Três deles chegando, vinte graus!"
"WEDGE";"Corte para a esquerda! Vou pegar o líder! Eles estão indo para a fragata médica."
"NAVEGADOR";"A pressão está estável."
"LANDO";"Apenas os caças estão atacando. Eu me pergunto o que esses Destróieres Estelares estão esperando."
"COMANDANTE";"Estamos em posição de ataque agora, senhor."
"PIETT";"Espere aqui."
"COMANDANTE";"Nós não vamos atacar?"
"PIETT";"Eu tenho minhas ordens do próprio Imperador. Ele tem algo especial planejado para eles. Nós só precisamos impedi-los de escapar."
"IMPERADOR";"Como você pode ver, meu jovem aprendiz, seus amigos falharam. Agora testemunhe o poder de fogo desta estação de batalha totalmente armada e operacional. Dispare à vontade, Comandante."
"JERJERROD";"Fogo!"
"LANDO";"Aquela explosão veio da Estrela da Morte! Essa coisa está operacional! Home One, este é o Gold Leader."
"ACKBAR";"Nós vimos. Todas as naves se preparam para recuar."
"LANDO";"Você não terá outra chance nisso, Almirante."
"ACKBAR";"Não temos escolha, General Calrissian. Nossos cruzadores não podem repelir poder de fogo dessa magnitude."
"LANDO";"Han terá esse escudo abaixado. Temos que dar a ele mais tempo."
"THREEPIO";"Estamos chegando!"
"HAN";"Vamos! Vamos!"
"THREEPIO";"Oh, Artoo, rápido!"
"THREEPIO";"Meu Deus! Artoo, por que você teve que ser tão corajoso?"
"HAN";"Bem, suponho que eu poderia ligar essa coisa."
"LEIA";"Eu te dou cobertura."
"LANDO";"Sim! Eu disse mais perto! Aproxime-se o máximo que puder e enfrente aqueles Destróieres Estelares à queima-roupa."
"ACKBAR";"A essa distância, não vamos durar muito contra esses Destróieres Estelares."
"LANDO";"Nós vamos durar mais do que vamos contra a Estrela da Morte... e podemos levar alguns deles conosco."
"PILOTO REBELDE";"Ela vai explodir!"
"PILOTO Y-WING";"Fui atingido!"
"IMPERADOR";"Sua frota perdeu. E seus amigos na lua de Endor não sobreviverão. Não há escapatória, meu jovem aprendiz. A Aliança morrerá... assim como seus amigos."
"IMPERADOR";"Bom. Posso sentir sua raiva. Estou indefeso. Pegue sua arma! Derrube-me com todo o seu ódio, e sua jornada para o lado negro estará completa."
"WALKER PILOTO #1";"Olha!"
"PILOTO #2";"Tire-o daí!"
"HAN";"Acho que entendi. Consegui!"
"THREEPIO";"Oh, Princesa Leia, você está bem?"
"HAN";"Vamos ver."
"LEIA";"Não é ruim."
"STORMTROOPER";"Congela!"
"THREEPIO";"Oh, querida."
"STORMTROOPER";"Não se mova!"
"HAN";"Eu te amo."
"LEIA";"Eu sei."
"STORMTROOPER";"Mãos para cima! Levante-se!"
"HAN";"Fique para trás."
"HAN";"Chewie! Desça aqui! Ela está ferida! Não, espere... eu tenho uma idéia."
"IMPERADOR";"Bom. Use seus sentimentos agressivos, garoto! Deixe o ódio fluir através de você."
"VADER";"Obi-Wan te ensinou bem."
"LUKE";"Eu não vou lutar com você, pai."
"VADER";"Você é imprudente em baixar suas defesas."
"LUKE";"Seus pensamentos o traem, pai. Eu sinto o bem em você... o conflito."
"VADER";"Não há conflito."
"LUKE";"Você não conseguiu me matar antes, e não acredito que vá me destruir agora."
"VADER";"Você subestima o poder do lado negro. Se você não lutar, então você encontrará seu destino."
"IMPERADOR";"Bom. Bom."
"LANDO";"Cuidado. Esquadrão em 0,06."
"PILOTO REBELDE";"Estou nisso, Líder Dourado."
"CUNHA";"Bom tiro, Vermelho Dois."
"LANDO";"Agora... vamos, Han, velho amigo. Não me decepcione."
"HAN/PILOT";"Acabou, comandante. Os rebeldes foram derrotados. Eles estão fugindo para a floresta. Precisamos de reforços para continuar a perseguição."
"COMANDANTE DA SALA DE CONTROLE";"Envie três esquadrões para ajudar. Abra a porta dos fundos."
"SEGUNDA COMANDANTE";"Sim, senhor."
"HAN";"Me jogue outra carga."
"VADER";"Você não pode se esconder para sempre, Luke."
"LUKE";"Eu não vou lutar com você."
"VADER";"Entregue-se ao lado sombrio. É a única maneira de salvar seus amigos. Sim, seus pensamentos o traem. Seus sentimentos por eles são fortes. Especialmente por..."
"VADER";"Irmã! Então... você tem uma irmã gêmea. Seus sentimentos agora a traíram também. Obi-Wan foi sábio em escondê-la de mim. Agora o fracasso dele está completo. Se você não se transformar para o lado negro, então talvez ela vá."
"LUKE";"Nunca-rr!"
"IMPERADOR";"Bom! Seu ódio o tornou poderoso. Agora, cumpra seu destino e tome o lugar de seu pai ao meu lado!"
"LUKE";"Nunca! Eu nunca vou voltar para o lado negro. Você falhou, Sua Alteza. Eu sou um Jedi, como meu pai antes de mim."
"IMPERADOR";"Assim seja... Jedi."
"HAN";"Mova-se! Mova-se!"
"ACKBAR";"O escudo caiu! Comece o ataque ao reator principal da Estrela da Morte."
"LANDO";"Estamos a caminho. Grupo Vermelho, Grupo Ouro, todos os lutadores me seguem. Disse que eles fariam isso!"
"IMPERADOR";"Se você não for transformado, será destruído."
"IMPERADOR";"Jovem tolo... só agora, no final, você entende."
"IMPERADOR";"Suas habilidades fracas não são páreo para o poder do lado negro. Você pagou o preço por sua falta de visão."
"LUKE";"Pai, por favor. Ajude-me."
"IMPERADOR";"Agora, jovem Skywalker... você vai morrer."
"CUNHA";"Vou entrar."
"LANDO";"Aqui vai nada."
"LANDO";"Agora trave na fonte de energia mais forte. Deve ser o gerador de energia."
"WEDGE";"Forme-se. E fique alerta. Podemos ficar sem espaço muito rápido."
"LANDO";"Divida-se e volte para a superfície. Veja se consegue que alguns desses caças TIE o sigam."
"PILOTO";"Cópia, Líder Ouro."
"LANDO";"Isso foi muito perto."
"ACKBAR";"Temos que dar mais tempo a esses caças. Concentre todo o fogo naquele Super Star Destroyer."
"CONTROLADOR";"Senhor, perdemos nosso escudo defletor da ponte."
"PIETT";"Intensifique as baterias dianteiras. Não quero que nada passe."
"PIETT";"Intensificar o poder de fogo para a frente!"
"COMANDANTE";"É tarde demais!"
"VADER";"Luke, me ajude a tirar essa máscara."
"LURE";"Mas você vai morrer."
"VADER";"Nada pode parar isso agora. Só por uma vez... deixe-me olhar para você com meus próprios olhos."
"ANAKIN";"Agora... vá, meu filho. Deixe-me."
"LUKE";"Não. Você vem comigo. Não posso te deixar aqui. Tenho que te salvar."
"ANAKIN";"Você já tem, Luke. Você estava certo sobre mim. Diga a sua irmã... você estava certo."
"LUKE";"Pai... eu não vou deixar você."
"CUNHA";"Aí está!"
"LANDO";"Tudo bem, Wedge. Vá para o regulador de energia na torre norte."
"WEDGE";"Cópia, Líder Dourado. Já estou saindo."
"ACKBAR";"Mova a frota para longe da Estrela da Morte."
"LANDO";"Cunha, acho que não vamos conseguir."
"WEDGE";"Você vai conseguir. Apenas me siga Líder de Ouro."
"LANDO";"Prometi devolver o navio sem um arranhão... espero que aquele velho pirata me perdoe."
"HAN";" Lando ..."
"THREEPIO";"Eles conseguiram!"
